{"lowlevel.spectral_centroid.mean": [0.4223159849643707], "lowlevel.spectral_contrast.mean": [[0.6086770296096802, 0.6357274055480957, 0.7136238813400269, 0.611689567565918, 0.4521791934967041, 0.4023306369781494]], "lowlevel.dissonance.mean": [0.4262373447418213], "lowlevel.hfc.mean": [0.46546128392219543], "lowlevel.mfcc.mean": [[0.3439985513687134, 0.5175207853317261, 0.15096449851989746, 0.04206883907318115, 0.2776274085044861, 0.2765280604362488, 0.36175137758255005, 0.2866910994052887, 0.3710177540779114, 0.23130947351455688, 0.2007550597190857, 0.2175872027873993, 0.14280593395233154]], "sfx.logattacktime.mean": [0.3719709515571594], "sfx.inharmonicity.mean": [0.4638154208660126]}