{"lowlevel.spectral_centroid.mean": [0.3919009566307068], "lowlevel.spectral_contrast.mean": [[0.521681547164917, 0.9959837198257446, 0.833452582359314, 0.8990051746368408, 0.5996756553649902, 0.4769909381866455]], "lowlevel.dissonance.mean": [0.38785290718078613], "lowlevel.hfc.mean": [0.4665053188800812], "lowlevel.mfcc.mean": [[0.3523465394973755, 0.46670979261398315, 0.000684887170791626, -0.0626513659954071, 0.1703152060508728, 0.2140829712152481, 0.4221853017807007, 0.2151830494403839, 0.08986338973045349, 0.02975592017173767, 0.32465997338294983, 0.47933146357536316, 0.46252313256263733]], "sfx.logattacktime.mean": [0.4750598669052124], "sfx.inharmonicity.mean": [0.4243295192718506]}