{"lowlevel.spectral_centroid.mean": [0.39311492443084717], "lowlevel.spectral_contrast.mean": [[0.1988065242767334, 0.9322423934936523, 0.9535154104232788, 0.7883739471435547, 0.5812380313873291, 0.4215826988220215]], "lowlevel.dissonance.mean": [0.2904773950576782], "lowlevel.hfc.mean": [0.4679299592971802], "lowlevel.mfcc.mean": [[0.40823817253112793, 0.5676150321960449, -0.02471652626991272, -0.15594959259033203, 0.1312127411365509, 0.09272828698158264, 0.2145339548587799, 0.014123111963272095, 0.021141767501831055, 0.03916436433792114, 0.28724753856658936, 0.4621583819389343, 0.4624764919281006]], "sfx.logattacktime.mean": [0.3660556674003601], "sfx.inharmonicity.mean": [1.3439613580703735]}