{"lowlevel.spectral_centroid.mean": [0.32872793078422546], "lowlevel.spectral_contrast.mean": [[0.4258495569229126, 0.3645838499069214, 0.40280020236968994, 0.31586694717407227, 0.321882963180542, 0.3093874454498291]], "lowlevel.dissonance.mean": [0.5220527648925781], "lowlevel.hfc.mean": [0.4675549268722534], "lowlevel.mfcc.mean": [[0.17637455463409424, 0.3856462836265564, 0.603710412979126, 0.5051449537277222, 0.5750232934951782, 0.6202083230018616, 0.6773474216461182, 0.6478557586669922, 0.6191052198410034, 0.4517720341682434, 0.4799945652484894, 0.7726397514343262, 0.824115514755249]], "sfx.logattacktime.mean": [0.0988677442073822], "sfx.inharmonicity.mean": [0.27747538685798645]}