{"lowlevel.spectral_centroid.mean": [0.32432204484939575], "lowlevel.spectral_contrast.mean": [[0.48297321796417236, 0.9077504873275757, 0.36928272247314453, 0.28852272033691406, 0.24411630630493164, 0.2398827075958252]], "lowlevel.dissonance.mean": [-0.2991465926170349], "lowlevel.hfc.mean": [0.4674198627471924], "lowlevel.mfcc.mean": [[0.228013277053833, 0.6080105304718018, 0.9169305562973022, 0.7422984838485718, 0.6052021384239197, 0.3555181622505188, 0.24949070811271667, 0.19069021940231323, 0.2564657926559448, 0.2711450457572937, 0.352985680103302, 0.30275312066078186, 0.2092209756374359]], "sfx.logattacktime.mean": [0.20977365970611572], "sfx.inharmonicity.mean": [0.2089475691318512]}