{"lowlevel.spectral_centroid.mean": [0.3198162019252777], "lowlevel.spectral_contrast.mean": [[0.4448615312576294, 0.3677788972854614, 0.43729424476623535, 0.26648712158203125, 0.32019829750061035, 0.3082234859466553]], "lowlevel.dissonance.mean": [0.551724910736084], "lowlevel.hfc.mean": [0.46679702401161194], "lowlevel.mfcc.mean": [[0.16290020942687988, 0.36507007479667664, 0.6105114221572876, 0.5213639140129089, 0.5137755274772644, 0.4813433587551117, 0.622429370880127, 0.7257280349731445, 0.6448729038238525, 0.4710630178451538, 0.4947134256362915, 0.5404928922653198, 0.6617413759231567]], "sfx.logattacktime.mean": [0.1893366277217865], "sfx.inharmonicity.mean": [0.25463005900382996]}