{"lowlevel.spectral_centroid.mean": [0.3339802920818329], "lowlevel.spectral_contrast.mean": [[0.35746073722839355, 0.9706494808197021, 0.43549513816833496, 0.3263421058654785, 0.30532050132751465, 0.27736973762512207]], "lowlevel.dissonance.mean": [-0.0804409384727478], "lowlevel.hfc.mean": [0.4687875807285309], "lowlevel.mfcc.mean": [[0.2315044403076172, 0.5734275579452515, 0.8150245547294617, 0.6205700039863586, 0.530488133430481, 0.3240824341773987, 0.2453824281692505, 0.16108357906341553, 0.17693817615509033, 0.16694584488868713, 0.393205463886261, 0.6878458857536316, 0.8777464628219604]], "sfx.logattacktime.mean": [0.23031067848205566], "sfx.inharmonicity.mean": [0.23146089911460876]}