{"lowlevel.spectral_centroid.mean": [0.3961286246776581], "lowlevel.spectral_contrast.mean": [[0.32480812072753906, 0.9774662256240845, 0.8947194814682007, 0.8839856386184692, 0.5966405868530273, 0.4249458312988281]], "lowlevel.dissonance.mean": [0.40454375743865967], "lowlevel.hfc.mean": [0.46729326248168945], "lowlevel.mfcc.mean": [[0.3847479820251465, 0.5147042274475098, -0.032337337732315063, -0.1253528594970703, 0.16616857051849365, 0.21173281967639923, 0.29961711168289185, -0.007180929183959961, 0.043509334325790405, 0.09059631824493408, 0.3388283848762512, 0.5560451149940491, 0.3493500053882599]], "sfx.logattacktime.mean": [0.3243250250816345], "sfx.inharmonicity.mean": [0.620756983757019]}