{"lowlevel.spectral_centroid.mean": [0.3221367299556732], "lowlevel.spectral_contrast.mean": [[0.7142463326454163, 0.5931137800216675, 0.38100433349609375, 0.3220531940460205, 0.2882976531982422, 0.25902438163757324]], "lowlevel.dissonance.mean": [-0.2933223247528076], "lowlevel.hfc.mean": [0.46690404415130615], "lowlevel.mfcc.mean": [[0.20467627048492432, 0.5328401327133179, 0.8353368639945984, 0.7241863012313843, 0.6458808183670044, 0.395080029964447, 0.259390652179718, 0.14821872115135193, 0.14206144213676453, 0.08003613352775574, 0.1428775191307068, 0.12143468856811523, 0.09050202369689941]], "sfx.logattacktime.mean": [0.1684035360813141], "sfx.inharmonicity.mean": [0.19368499517440796]}