{"lowlevel.spectral_centroid.mean": [0.3075655698776245], "lowlevel.spectral_contrast.mean": [[0.6009038686752319, 0.46149933338165283, 0.4848750829696655, 0.318603515625, 0.25752902030944824, 0.29166746139526367]], "lowlevel.dissonance.mean": [0.2836794853210449], "lowlevel.hfc.mean": [0.4671066105365753], "lowlevel.mfcc.mean": [[0.25993645191192627, 0.6333204507827759, 0.8403908610343933, 0.6231515407562256, 0.5454668402671814, 0.5320650935173035, 0.6449978351593018, 0.6124989986419678, 0.5731503963470459, 0.3930237889289856, 0.2948586940765381, 0.31408458948135376, 0.37179404497146606]], "sfx.logattacktime.mean": [0.1697404682636261], "sfx.inharmonicity.mean": [0.21111395955085754]}