{"lowlevel.spectral_centroid.mean": [0.38069841265678406], "lowlevel.spectral_contrast.mean": [[0.7944647669792175, 0.70802903175354, 0.5754159688949585, 0.5152251720428467, 0.4876232147216797, 0.407351016998291]], "lowlevel.dissonance.mean": [0.4535331726074219], "lowlevel.hfc.mean": [0.46543797850608826], "lowlevel.mfcc.mean": [[0.3392603397369385, 0.5160881876945496, 0.17337706685066223, 0.12568709254264832, 0.3167097270488739, 0.11962947249412537, 0.17819225788116455, 0.08032524585723877, 0.05647432804107666, -0.0292244553565979, 0.07298189401626587, 0.1365615725517273, 0.17487171292304993]], "sfx.logattacktime.mean": [0.3122277855873108], "sfx.inharmonicity.mean": [0.4336942434310913]}