{"lowlevel.spectral_centroid.mean": [0.370083749294281], "lowlevel.spectral_contrast.mean": [[0.7169783711433411, 1.1744332313537598, 1.1686466932296753, 1.1269526481628418, 0.9224379062652588, 0.5405175685882568]], "lowlevel.dissonance.mean": [0.17110633850097656], "lowlevel.hfc.mean": [0.4711248576641083], "lowlevel.mfcc.mean": [[0.5441505908966064, 0.5476166009902954, 0.2172120213508606, 0.4360871911048889, 0.3905848562717438, 0.1975131332874298, 0.26709967851638794, 0.41361087560653687, 0.36681437492370605, 0.6664674878120422, 0.4911510646343231, -0.05010277032852173, 0.26987993717193604]], "sfx.logattacktime.mean": [0.4666993319988251], "sfx.inharmonicity.mean": [0.2677393853664398]}