{"lowlevel.spectral_centroid.mean": [0.4159301221370697], "lowlevel.spectral_contrast.mean": [[0.2207554578781128, 0.828642725944519, 0.7090698480606079, 0.884293794631958, 0.5207428932189941, 0.45097970962524414]], "lowlevel.dissonance.mean": [0.5012979507446289], "lowlevel.hfc.mean": [0.4676464796066284], "lowlevel.mfcc.mean": [[0.3205125331878662, 0.45348289608955383, 0.055086225271224976, -0.10563039779663086, 0.19621390104293823, 0.3270193040370941, 0.3824464678764343, 0.0947486162185669, 0.061075359582901, 0.20210132002830505, 0.6181139349937439, 0.763992190361023, 0.8216347098350525]], "sfx.logattacktime.mean": [0.3533376455307007], "sfx.inharmonicity.mean": [0.44008129835128784]}