{"lowlevel.spectral_centroid.mean": [0.33241772651672363], "lowlevel.spectral_contrast.mean": [[0.36681830883026123, 0.3983316421508789, 0.3329811096191406, 0.3369791507720947, 0.346923828125, 0.33612561225891113]], "lowlevel.dissonance.mean": [0.5406848192214966], "lowlevel.hfc.mean": [0.46599724888801575], "lowlevel.mfcc.mean": [[0.196455717086792, 0.4132000505924225, 0.6102303266525269, 0.5497737526893616, 0.6010662913322449, 0.5536050796508789, 0.5600512027740479, 0.5799315571784973, 0.47049927711486816, 0.5696214437484741, 0.6750407814979553, 0.4269740581512451, 0.5363437533378601]], "sfx.logattacktime.mean": [0.08126255869865417], "sfx.inharmonicity.mean": [0.3320261240005493]}