{"lowlevel.spectral_centroid.mean": [0.4207456707954407], "lowlevel.spectral_contrast.mean": [[0.23329222202301025, 0.9798711538314819, 0.9885427951812744, 0.9302061796188354, 0.6731047630310059, 0.48723292350769043]], "lowlevel.dissonance.mean": [0.4435473680496216], "lowlevel.hfc.mean": [0.4677737057209015], "lowlevel.mfcc.mean": [[0.38573336601257324, 0.45745784044265747, -0.16132506728172302, -0.21555274724960327, 0.0820319652557373, 0.1595776081085205, 0.3499827980995178, 0.17261987924575806, 0.3515104651451111, 0.6294900178909302, 0.8723151087760925, 0.920182466506958, 0.9437558650970459]], "sfx.logattacktime.mean": [0.30078551173210144], "sfx.inharmonicity.mean": [0.4264146089553833]}