{"lowlevel.spectral_centroid.mean": [0.3135029673576355], "lowlevel.spectral_contrast.mean": [[0.4846210479736328, 0.5838891267776489, 0.46975529193878174, 0.3568284511566162, 0.30995607376098633, 0.29446864128112793]], "lowlevel.dissonance.mean": [0.28547585010528564], "lowlevel.hfc.mean": [0.46761173009872437], "lowlevel.mfcc.mean": [[0.22642147541046143, 0.4995637536048889, 0.6835823655128479, 0.5937057733535767, 0.5758209824562073, 0.4581744074821472, 0.49338507652282715, 0.522464394569397, 0.597754955291748, 0.6005387306213379, 0.6888539791107178, 0.7855591177940369, 0.8841592073440552]], "sfx.logattacktime.mean": [0.1633797287940979], "sfx.inharmonicity.mean": [0.2617383599281311]}