{"lowlevel.spectral_centroid.mean": [0.3093376159667969], "lowlevel.spectral_contrast.mean": [[0.5650438070297241, 0.559806227684021, 0.5112826824188232, 0.38338136672973633, 0.26467156410217285, 0.2878875732421875]], "lowlevel.dissonance.mean": [0.22639966011047363], "lowlevel.hfc.mean": [0.46801143884658813], "lowlevel.mfcc.mean": [[0.2530094385147095, 0.613959789276123, 0.8105934858322144, 0.5903500914573669, 0.5178486108779907, 0.5027438402175903, 0.6365303993225098, 0.6375414133071899, 0.6060246825218201, 0.427957683801651, 0.3542284369468689, 0.36850929260253906, 0.4105605483055115]], "sfx.logattacktime.mean": [0.1751389503479004], "sfx.inharmonicity.mean": [0.23191526532173157]}