{"lowlevel.spectral_centroid.mean": [0.3852485120296478], "lowlevel.spectral_contrast.mean": [[0.5920875072479248, 0.6239371299743652, 0.7292554378509521, 0.5331840515136719, 0.3842277526855469, 0.3457636833190918]], "lowlevel.dissonance.mean": [0.3876512050628662], "lowlevel.hfc.mean": [0.4654020667076111], "lowlevel.mfcc.mean": [[0.2530059814453125, 0.4391295909881592, 0.2561648190021515, 0.03708401322364807, 0.2797233462333679, 0.2848699688911438, 0.41917210817337036, 0.3594556450843811, 0.31104713678359985, 0.2822093367576599, 0.3413317799568176, 0.32889848947525024, 0.24799832701683044]], "sfx.logattacktime.mean": [0.2545778155326843], "sfx.inharmonicity.mean": [0.3495919406414032]}