{"lowlevel.spectral_centroid.mean": [0.3199754059314728], "lowlevel.spectral_contrast.mean": [[0.3843740224838257, 0.47904324531555176, 0.48748600482940674, 0.35706210136413574, 0.3179652690887451, 0.293834924697876]], "lowlevel.dissonance.mean": [0.4453698396682739], "lowlevel.hfc.mean": [0.4681771993637085], "lowlevel.mfcc.mean": [[0.1993628740310669, 0.4412689805030823, 0.6524742841720581, 0.5569450259208679, 0.51880943775177, 0.4400172531604767, 0.5256748795509338, 0.5450959205627441, 0.5816032290458679, 0.5683413743972778, 0.5829699039459229, 0.5092888474464417, 0.44836264848709106]], "sfx.logattacktime.mean": [0.186334490776062], "sfx.inharmonicity.mean": [0.4833104610443115]}