{"lowlevel.spectral_centroid.mean": [0.42487940192222595], "lowlevel.spectral_contrast.mean": [[0.22158420085906982, 0.7994092702865601, 0.8469514846801758, 0.7257053852081299, 0.5187201499938965, 0.4344291687011719]], "lowlevel.dissonance.mean": [0.4864463806152344], "lowlevel.hfc.mean": [0.46744003891944885], "lowlevel.mfcc.mean": [[0.3031775951385498, 0.4299517869949341, 0.07437759637832642, -0.05813324451446533, 0.27779191732406616, 0.36117473244667053, 0.33083444833755493, 0.16150689125061035, 0.2584516406059265, 0.26881954073905945, 0.43611985445022583, 0.6082854866981506, 0.7139576077461243]], "sfx.logattacktime.mean": [0.41822800040245056], "sfx.inharmonicity.mean": [0.48474183678627014]}