{"lowlevel.spectral_centroid.mean": [0.39541095495224], "lowlevel.spectral_contrast.mean": [[0.6911178827285767, 0.8973926305770874, 0.9307001829147339, 0.7326487302780151, 0.6137516498565674, 0.46028852462768555]], "lowlevel.dissonance.mean": [0.42949068546295166], "lowlevel.hfc.mean": [0.4663001000881195], "lowlevel.mfcc.mean": [[0.3698420524597168, 0.5229374766349792, 0.03474223613739014, -0.08710980415344238, 0.17924872040748596, 0.12871217727661133, 0.24607548117637634, 0.22411197423934937, 0.1936025619506836, -0.051702916622161865, 0.14032098650932312, 0.3153798580169678, 0.2286650836467743]], "sfx.logattacktime.mean": [0.3362216353416443], "sfx.inharmonicity.mean": [0.41468125581741333]}