{"lowlevel.spectral_centroid.mean": [0.3341730237007141], "lowlevel.spectral_contrast.mean": [[0.29668211936950684, 0.7343058586120605, 0.36342716217041016, 0.3170337677001953, 0.2801394462585449, 0.27079153060913086]], "lowlevel.dissonance.mean": [0.01206517219543457], "lowlevel.hfc.mean": [0.46692389249801636], "lowlevel.mfcc.mean": [[0.24200797080993652, 0.6034829616546631, 0.8663023710250854, 0.6921939849853516, 0.5740313529968262, 0.32490265369415283, 0.22343969345092773, 0.18916213512420654, 0.3766046166419983, 0.47483792901039124, 0.6880728006362915, 0.8738240003585815, 0.9588173627853394]], "sfx.logattacktime.mean": [0.1104641854763031], "sfx.inharmonicity.mean": [0.2284420132637024]}