{"lowlevel.spectral_centroid.mean": [0.3269549608230591], "lowlevel.spectral_contrast.mean": [[0.4973980188369751, 0.4163731336593628, 0.6090488433837891, 0.3165309429168701, 0.33265042304992676, 0.29960036277770996]], "lowlevel.dissonance.mean": [0.44692063331604004], "lowlevel.hfc.mean": [0.4666152596473694], "lowlevel.mfcc.mean": [[0.2113797664642334, 0.460587739944458, 0.6499735116958618, 0.5374965667724609, 0.5199276208877563, 0.5007523894309998, 0.686161458492279, 0.8212356567382812, 0.812325119972229, 0.5669811964035034, 0.33784520626068115, 0.19961777329444885, 0.5979870557785034]], "sfx.logattacktime.mean": [0.13460740447044373], "sfx.inharmonicity.mean": [0.27272164821624756]}