{"lowlevel.spectral_centroid.mean": [0.35044175386428833], "lowlevel.spectral_contrast.mean": [[0.36410391330718994, 1.234484076499939, 1.063826084136963, 0.9218875169754028, 0.9210901260375977, 0.5111103057861328]], "lowlevel.dissonance.mean": [0.2009207010269165], "lowlevel.hfc.mean": [0.47080960869789124], "lowlevel.mfcc.mean": [[0.4858349561691284, 0.4626880884170532, 0.2731502056121826, 0.5524846315383911, 0.563761830329895, 0.3313515782356262, 0.21468472480773926, 0.15915220975875854, 0.0978950560092926, 0.2601665258407593, 0.20608443021774292, 0.19423308968544006, 0.9433422684669495]], "sfx.logattacktime.mean": [0.46096473932266235], "sfx.inharmonicity.mean": [0.23422540724277496]}