{"lowlevel.spectral_centroid.mean": [0.4111349284648895], "lowlevel.spectral_contrast.mean": [[0.2304544448852539, 0.9580836296081543, 0.9186396598815918, 0.8792121410369873, 0.6945211887359619, 0.44242048263549805]], "lowlevel.dissonance.mean": [0.39350461959838867], "lowlevel.hfc.mean": [0.4674801230430603], "lowlevel.mfcc.mean": [[0.3377540111541748, 0.4243263602256775, -0.08027037978172302, -0.09589540958404541, 0.2642260789871216, 0.18440359830856323, 0.378219336271286, 0.31714892387390137, 0.22648575901985168, 0.2932564616203308, 0.7966906428337097, 1.0834065675735474, 0.9510343074798584]], "sfx.logattacktime.mean": [0.3432960510253906], "sfx.inharmonicity.mean": [0.4684184789657593]}