{"lowlevel.spectral_centroid.mean": [0.3370068073272705], "lowlevel.spectral_contrast.mean": [[0.37734365463256836, 0.6512808799743652, 0.3313732147216797, 0.3102223873138428, 0.2848536968231201, 0.2618739604949951]], "lowlevel.dissonance.mean": [0.08151865005493164], "lowlevel.hfc.mean": [0.46839097142219543], "lowlevel.mfcc.mean": [[0.21546149253845215, 0.5040696859359741, 0.7280869483947754, 0.5815600752830505, 0.514072835445404, 0.30002346634864807, 0.24094873666763306, 0.2052360475063324, 0.4191072881221771, 0.574042797088623, 0.7898834347724915, 0.9772074222564697, 1.0125987529754639]], "sfx.logattacktime.mean": [0.17456656694412231], "sfx.inharmonicity.mean": [0.27469179034233093]}