{"lowlevel.spectral_centroid.mean": [0.32381513714790344], "lowlevel.spectral_contrast.mean": [[0.46844255924224854, 0.38253676891326904, 0.39977431297302246, 0.28554749488830566, 0.32726454734802246, 0.2866652011871338]], "lowlevel.dissonance.mean": [0.5233712196350098], "lowlevel.hfc.mean": [0.46726056933403015], "lowlevel.mfcc.mean": [[0.17853820323944092, 0.37783563137054443, 0.5612185001373291, 0.4848134219646454, 0.5421130061149597, 0.5321853756904602, 0.6305937767028809, 0.6278704404830933, 0.6313719153404236, 0.519282341003418, 0.43975013494491577, 0.5826480388641357, 0.884208083152771]], "sfx.logattacktime.mean": [0.08481734991073608], "sfx.inharmonicity.mean": [0.28447583317756653]}