{"lowlevel.spectral_centroid.mean": [0.39595407247543335], "lowlevel.spectral_contrast.mean": [[0.657603919506073, 0.5593438148498535, 0.6787545680999756, 0.6549549102783203, 0.4479634761810303, 0.3851602077484131]], "lowlevel.dissonance.mean": [0.508468747138977], "lowlevel.hfc.mean": [0.46551668643951416], "lowlevel.mfcc.mean": [[0.285736083984375, 0.4471437335014343, 0.16109439730644226, 0.0015815198421478271, 0.2901226878166199, 0.2991255223751068, 0.38616248965263367, 0.2821638584136963, 0.2704179286956787, 0.1803506314754486, 0.24203532934188843, 0.2550920844078064, 0.21577802300453186]], "sfx.logattacktime.mean": [0.3962496519088745], "sfx.inharmonicity.mean": [0.38322633504867554]}