{"lowlevel.spectral_centroid.mean": [0.30445724725723267], "lowlevel.spectral_contrast.mean": [[0.8643218278884888, 0.4364711046218872, 0.34266138076782227, 0.2576158046722412, 0.20844459533691406, 0.22313165664672852]], "lowlevel.dissonance.mean": [-0.1161910891532898], "lowlevel.hfc.mean": [0.4671100378036499], "lowlevel.mfcc.mean": [[0.2152097225189209, 0.6000694036483765, 0.9682168960571289, 0.9058288931846619, 0.9080669283866882, 0.7923353910446167, 0.7569556832313538, 0.6856098175048828, 0.6740329265594482, 0.5703023076057434, 0.5050207376480103, 0.3848857879638672, 0.28701305389404297]], "sfx.logattacktime.mean": [0.24206990003585815], "sfx.inharmonicity.mean": [0.18542355298995972]}