{"lowlevel.spectral_centroid.mean": [0.311281681060791], "lowlevel.spectral_contrast.mean": [[0.8627465963363647, 0.8776751756668091, 0.6925582885742188, 0.6083071231842041, 0.5333073139190674, 0.31483983993530273]], "lowlevel.dissonance.mean": [-0.05142694711685181], "lowlevel.hfc.mean": [0.46679848432540894], "lowlevel.mfcc.mean": [[0.415022611618042, 0.7116779088973999, 0.6137692928314209, 0.6700658798217773, 0.7625588178634644, 0.4305298328399658, 0.4254366159439087, 0.5198857188224792, 0.534518837928772, 0.43444737792015076, 0.32301604747772217, 0.22144979238510132, 0.34294456243515015]], "sfx.logattacktime.mean": [0.4670608937740326], "sfx.inharmonicity.mean": [0.200759619474411]}