{"lowlevel.spectral_centroid.mean": [0.4136770963668823], "lowlevel.spectral_contrast.mean": [[0.20109057426452637, 0.9331972599029541, 0.9229918718338013, 0.7582428455352783, 0.5720269680023193, 0.488248348236084]], "lowlevel.dissonance.mean": [0.4223378896713257], "lowlevel.hfc.mean": [0.46655213832855225], "lowlevel.mfcc.mean": [[0.32948553562164307, 0.4119337201118469, -0.042959243059158325, -0.07520842552185059, 0.1777079999446869, 0.1524249017238617, 0.2840161919593811, 0.2320951372385025, 0.45126771926879883, 0.5347812175750732, 0.8626184463500977, 1.2432044744491577, 1.120266079902649]], "sfx.logattacktime.mean": [0.39132899045944214], "sfx.inharmonicity.mean": [0.5690099596977234]}