{"lowlevel.spectral_centroid.mean": [0.3214609920978546], "lowlevel.spectral_contrast.mean": [[0.3927265405654907, 0.5283205509185791, 0.33034181594848633, 0.42664575576782227, 0.27618885040283203, 0.28406715393066406]], "lowlevel.dissonance.mean": [0.3963099718093872], "lowlevel.hfc.mean": [0.46677321195602417], "lowlevel.mfcc.mean": [[0.17228329181671143, 0.39811885356903076, 0.6071402430534363, 0.5034976601600647, 0.5157134532928467, 0.42935770750045776, 0.4532642364501953, 0.4271202087402344, 0.5240662097930908, 0.6275678873062134, 0.8238339424133301, 0.9376410245895386, 0.8855806589126587]], "sfx.logattacktime.mean": [0.1569843888282776], "sfx.inharmonicity.mean": [0.3208580017089844]}