{"lowlevel.spectral_centroid.mean": [0.4434424042701721], "lowlevel.spectral_contrast.mean": [[0.45441627502441406, 0.24236035346984863, 1.646958351135254, 1.250143051147461, 1.5163708925247192, 1.327048420906067]], "lowlevel.dissonance.mean": [0.3604903221130371], "lowlevel.hfc.mean": [0.51634281873703], "lowlevel.mfcc.mean": [[0.5671865940093994, 0.040676675736904144, 0.5309509038925171, 0.3856351971626282, 0.5206995010375977, 0.5246552228927612, 1.368973731994629, 1.7299740314483643, 0.7593126893043518, 0.27990955114364624, -0.3086099624633789, -0.5386401414871216, 1.491145133972168]], "sfx.logattacktime.mean": [0.3846956491470337], "sfx.inharmonicity.mean": [0.41458937525749207]}