{"lowlevel.spectral_centroid.mean": [0.4054253399372101], "lowlevel.spectral_contrast.mean": [[0.3948652744293213, 0.41507768630981445, 0.4611552953720093, 0.4073209762573242, 0.2985849380493164, 0.3147885799407959]], "lowlevel.dissonance.mean": [0.48655450344085693], "lowlevel.hfc.mean": [0.46531397104263306], "lowlevel.mfcc.mean": [[0.189947247505188, 0.34307169914245605, 0.3502205014228821, 0.24416829645633698, 0.4003262519836426, 0.4308234453201294, 0.5152170062065125, 0.41130495071411133, 0.44834285974502563, 0.41777199506759644, 0.4674278795719147, 0.47596612572669983, 0.4381968677043915]], "sfx.logattacktime.mean": [0.4301561415195465], "sfx.inharmonicity.mean": [0.493682324886322]}