{"lowlevel.spectral_centroid.mean": [0.412166953086853], "lowlevel.spectral_contrast.mean": [[0.5518229007720947, 0.6385581493377686, 0.6514863967895508, 0.6259942054748535, 0.3962123394012451, 0.37796759605407715]], "lowlevel.dissonance.mean": [0.46236133575439453], "lowlevel.hfc.mean": [0.46547362208366394], "lowlevel.mfcc.mean": [[0.3000674247741699, 0.5107620358467102, 0.24923419952392578, 0.017446428537368774, 0.27221235632896423, 0.28457504510879517, 0.3011033236980438, 0.1666458547115326, 0.22154009342193604, 0.2297365367412567, 0.3329056203365326, 0.33215421438217163, 0.19769233465194702]], "sfx.logattacktime.mean": [0.36692094802856445], "sfx.inharmonicity.mean": [0.6507698893547058]}