{"lowlevel.spectral_centroid.mean": [0.2997899055480957], "lowlevel.spectral_contrast.mean": [[0.6162387132644653, 0.4712179899215698, 0.31084775924682617, 0.2185213565826416, 0.21355462074279785, 0.2351667881011963]], "lowlevel.dissonance.mean": [0.3565109968185425], "lowlevel.hfc.mean": [0.4666633605957031], "lowlevel.mfcc.mean": [[0.19823646545410156, 0.5784003734588623, 1.0077290534973145, 1.0106000900268555, 1.01015305519104, 0.8492103815078735, 0.7720858454704285, 0.6710175275802612, 0.6534417867660522, 0.586463451385498, 0.5720744729042053, 0.5281405448913574, 0.5183735489845276]], "sfx.logattacktime.mean": [0.22168585658073425], "sfx.inharmonicity.mean": [0.21798980236053467]}