{"lowlevel.spectral_centroid.mean": [0.3329755961894989], "lowlevel.spectral_contrast.mean": [[0.2881736755371094, 0.7627294063568115, 0.40177738666534424, 0.3295929431915283, 0.257335901260376, 0.25855326652526855]], "lowlevel.dissonance.mean": [0.33785533905029297], "lowlevel.hfc.mean": [0.46714940667152405], "lowlevel.mfcc.mean": [[0.2002660036087036, 0.515547513961792, 0.8083881139755249, 0.6635262966156006, 0.5936139225959778, 0.41273948550224304, 0.36272862553596497, 0.28362923860549927, 0.3182953894138336, 0.4163215160369873, 0.5730499029159546, 0.6666669845581055, 0.822462260723114]], "sfx.logattacktime.mean": [0.18057575821876526], "sfx.inharmonicity.mean": [0.2230699360370636]}