{"lowlevel.spectral_centroid.mean": [0.3273994028568268], "lowlevel.spectral_contrast.mean": [[0.4094749689102173, 0.4784972667694092, 0.5924663543701172, 0.2996220588684082, 0.351154088973999, 0.308272123336792]], "lowlevel.dissonance.mean": [0.46695637702941895], "lowlevel.hfc.mean": [0.4675067067146301], "lowlevel.mfcc.mean": [[0.21231317520141602, 0.4536949694156647, 0.6522268056869507, 0.5320082306861877, 0.49968352913856506, 0.42065513134002686, 0.560325026512146, 0.7268122434616089, 0.711370587348938, 0.48416513204574585, 0.3610295057296753, 0.24765607714653015, 0.40953728556632996]], "sfx.logattacktime.mean": [0.22147414088249207], "sfx.inharmonicity.mean": [0.24912376701831818]}