{"lowlevel.spectral_centroid.mean": [0.41291719675064087], "lowlevel.spectral_contrast.mean": [[0.23857998847961426, 0.7538051605224609, 0.8549497127532959, 0.7305116653442383, 0.5239098072052002, 0.4429609775543213]], "lowlevel.dissonance.mean": [0.5065943002700806], "lowlevel.hfc.mean": [0.46702584624290466], "lowlevel.mfcc.mean": [[0.3470909595489502, 0.49531587958335876, 0.05830124020576477, -0.10935533046722412, 0.21108123660087585, 0.30782803893089294, 0.2909906506538391, 0.10101309418678284, 0.13532483577728271, 0.13633102178573608, 0.3061123490333557, 0.3865787982940674, 0.521287739276886]], "sfx.logattacktime.mean": [0.40683749318122864], "sfx.inharmonicity.mean": [0.602620542049408]}