{"lowlevel.spectral_centroid.mean": [0.3171232044696808], "lowlevel.spectral_contrast.mean": [[0.44130992889404297, 0.4504317045211792, 0.3987245559692383, 0.3044285774230957, 0.31659936904907227, 0.30963659286499023]], "lowlevel.dissonance.mean": [0.5061993598937988], "lowlevel.hfc.mean": [0.46629753708839417], "lowlevel.mfcc.mean": [[0.20934677124023438, 0.46485811471939087, 0.6875578165054321, 0.6307180523872375, 0.5843091011047363, 0.4594179689884186, 0.5335266590118408, 0.588222086429596, 0.6486265659332275, 0.6233431100845337, 0.5709415674209595, 0.49614813923835754, 0.5855684876441956]], "sfx.logattacktime.mean": [0.1303466558456421], "sfx.inharmonicity.mean": [0.26474130153656006]}