{"lowlevel.spectral_centroid.mean": [0.32212406396865845], "lowlevel.spectral_contrast.mean": [[0.5652397871017456, 0.5656187534332275, 0.49058783054351807, 0.3458671569824219, 0.2718076705932617, 0.2637619972229004]], "lowlevel.dissonance.mean": [-0.009812772274017334], "lowlevel.hfc.mean": [0.4659922420978546], "lowlevel.mfcc.mean": [[0.19621801376342773, 0.5091145038604736, 0.7798619270324707, 0.6150250434875488, 0.5702604055404663, 0.42538687586784363, 0.3778687119483948, 0.32326841354370117, 0.37178564071655273, 0.3154370188713074, 0.3230893015861511, 0.26451441645622253, 0.20181480050086975]], "sfx.logattacktime.mean": [0.1301649808883667], "sfx.inharmonicity.mean": [0.20342853665351868]}