{"lowlevel.spectral_centroid.mean": [0.3146253526210785], "lowlevel.spectral_contrast.mean": [[0.4856736660003662, 0.6633214950561523, 0.34840869903564453, 0.3560488224029541, 0.2708146572113037, 0.2783050537109375]], "lowlevel.dissonance.mean": [0.25753211975097656], "lowlevel.hfc.mean": [0.4674551486968994], "lowlevel.mfcc.mean": [[0.1839219331741333, 0.42939844727516174, 0.643328070640564, 0.5422686338424683, 0.5325974225997925, 0.40477848052978516, 0.4028303325176239, 0.40386584401130676, 0.5297729969024658, 0.5935935974121094, 0.7713180780410767, 0.968437135219574, 1.0201416015625]], "sfx.logattacktime.mean": [0.17364364862442017], "sfx.inharmonicity.mean": [0.22104991972446442]}