{"lowlevel.spectral_centroid.mean": [0.4093392789363861], "lowlevel.spectral_contrast.mean": [[0.4711182117462158, 0.4836428165435791, 0.4928172826766968, 0.5033161640167236, 0.3331136703491211, 0.34382081031799316]], "lowlevel.dissonance.mean": [0.5432366132736206], "lowlevel.hfc.mean": [0.4654559791088104], "lowlevel.mfcc.mean": [[0.2583897113800049, 0.4253847301006317, 0.2745558023452759, 0.1655343472957611, 0.3682427406311035, 0.4177171289920807, 0.48255637288093567, 0.3368297219276428, 0.4248766005039215, 0.4076325297355652, 0.42160940170288086, 0.4290565252304077, 0.38182687759399414]], "sfx.logattacktime.mean": [0.35698190331459045], "sfx.inharmonicity.mean": [0.5081120729446411]}