{"lowlevel.spectral_centroid.mean": [0.3218877911567688], "lowlevel.spectral_contrast.mean": [[0.40585291385650635, 0.4193047285079956, 0.5257285833358765, 0.35751795768737793, 0.285538911819458, 0.2982370853424072]], "lowlevel.dissonance.mean": [0.43651795387268066], "lowlevel.hfc.mean": [0.468789279460907], "lowlevel.mfcc.mean": [[0.20252680778503418, 0.46518129110336304, 0.6880736947059631, 0.5438432097434998, 0.5301279425621033, 0.4726128578186035, 0.5579664707183838, 0.589953601360321, 0.6396055221557617, 0.6187888383865356, 0.6041620373725891, 0.4010324478149414, 0.36023956537246704]], "sfx.logattacktime.mean": [0.17806187272071838], "sfx.inharmonicity.mean": [0.3098468482494354]}