{"lowlevel.spectral_centroid.mean": [0.4273775815963745], "lowlevel.spectral_contrast.mean": [[0.1945115327835083, 0.8370039463043213, 0.7897894382476807, 0.9128861427307129, 0.5473306179046631, 0.42955589294433594]], "lowlevel.dissonance.mean": [0.5438370704650879], "lowlevel.hfc.mean": [0.4692406952381134], "lowlevel.mfcc.mean": [[0.3725402355194092, 0.4992488622665405, -0.08069911599159241, -0.2271154522895813, 0.17625275254249573, 0.1720190942287445, 0.19793438911437988, 0.053792208433151245, 0.21821480989456177, 0.3389398753643036, 0.5609740614891052, 0.8220263719558716, 0.9359604120254517]], "sfx.logattacktime.mean": [0.3515728712081909], "sfx.inharmonicity.mean": [0.44336676597595215]}