{"lowlevel.spectral_centroid.mean": [0.3305904269218445], "lowlevel.spectral_contrast.mean": [[0.4295234680175781, 0.29633617401123047, 0.296097993850708, 0.3353755474090576, 0.282118558883667, 0.3142848014831543]], "lowlevel.dissonance.mean": [0.6391674280166626], "lowlevel.hfc.mean": [0.4661884009838104], "lowlevel.mfcc.mean": [[0.21081137657165527, 0.43590185046195984, 0.6443110704421997, 0.584571123123169, 0.6133852005004883, 0.6391415596008301, 0.7341389060020447, 0.6062085032463074, 0.677978515625, 0.7279704809188843, 0.627058207988739, 0.43841713666915894, 0.5479299426078796]], "sfx.logattacktime.mean": [0.10377031564712524], "sfx.inharmonicity.mean": [0.293582946062088]}