{"lowlevel.spectral_centroid.mean": [0.3985961675643921], "lowlevel.spectral_contrast.mean": [[0.5832837820053101, 0.5590860843658447, 0.6512712240219116, 0.5453770160675049, 0.40140700340270996, 0.3421339988708496]], "lowlevel.dissonance.mean": [0.40569519996643066], "lowlevel.hfc.mean": [0.4654031991958618], "lowlevel.mfcc.mean": [[0.2892493009567261, 0.48432865738868713, 0.272826611995697, 0.14781631529331207, 0.3378891944885254, 0.30535227060317993, 0.4843204617500305, 0.37605997920036316, 0.2804999053478241, 0.15361112356185913, 0.18118110299110413, 0.2035740315914154, 0.16528460383415222]], "sfx.logattacktime.mean": [0.41232454776763916], "sfx.inharmonicity.mean": [0.8148699998855591]}