{"lowlevel.spectral_centroid.mean": [0.32706430554389954], "lowlevel.spectral_contrast.mean": [[0.4822732210159302, 0.3585292100906372, 0.3105354309082031, 0.3287546634674072, 0.30269908905029297, 0.34421753883361816]], "lowlevel.dissonance.mean": [0.627802848815918], "lowlevel.hfc.mean": [0.46925604343414307], "lowlevel.mfcc.mean": [[0.23349809646606445, 0.45505350828170776, 0.618133008480072, 0.5774257779121399, 0.6127896904945374, 0.5639121532440186, 0.6043199300765991, 0.6230220198631287, 0.7708578109741211, 0.6483680605888367, 0.6224669218063354, 0.4699923098087311, 0.700049877166748]], "sfx.logattacktime.mean": [0.12338599562644958], "sfx.inharmonicity.mean": [0.27847588062286377]}