{"lowlevel.spectral_centroid.mean": [0.3216587007045746], "lowlevel.spectral_contrast.mean": [[0.4190329313278198, 0.7541450262069702, 0.40770506858825684, 0.37024879455566406, 0.26630163192749023, 0.2778303623199463]], "lowlevel.dissonance.mean": [0.1137552261352539], "lowlevel.hfc.mean": [0.46779823303222656], "lowlevel.mfcc.mean": [[0.18527638912200928, 0.44828662276268005, 0.6689178347587585, 0.5264178514480591, 0.4793761670589447, 0.36851832270622253, 0.4029408097267151, 0.35085636377334595, 0.4095022976398468, 0.5120752453804016, 0.7393003106117249, 0.9314804673194885, 1.037827491760254]], "sfx.logattacktime.mean": [0.17949077486991882], "sfx.inharmonicity.mean": [0.245610773563385]}