{"lowlevel.spectral_centroid.mean": [0.3128238618373871], "lowlevel.spectral_contrast.mean": [[0.5210028886795044, 0.45939481258392334, 0.42362284660339355, 0.3606092929840088, 0.29594969749450684, 0.30197572708129883]], "lowlevel.dissonance.mean": [0.39235401153564453], "lowlevel.hfc.mean": [0.46671608090400696], "lowlevel.mfcc.mean": [[0.25612127780914307, 0.5945420265197754, 0.7527879476547241, 0.5638616681098938, 0.5454332232475281, 0.5067223310470581, 0.5858463048934937, 0.5638931393623352, 0.4959963262081146, 0.4113509953022003, 0.48360952734947205, 0.4636887013912201, 0.44335508346557617]], "sfx.logattacktime.mean": [0.15218359231948853], "sfx.inharmonicity.mean": [0.2245853841304779]}